Black Panther: Wakanda Forever,Action,Adventure,Drama
Thor: Love and Thunder,Action,Adventure,Comedy
Shamshera,Action,Adventure,Drama
Everything Everywhere All at Once,Action,Adventure,Comedy
Jurassic World Dominion,Action,Adventure,Sci-Fi
Shazam! Fury of the Gods,Action,Adventure,Comedy
Bullet Train,Action,Comedy,Thriller
DC League of Super-Pets,Animation,Action,Adventure
Dungeons & Dragons: Honor Among Thieves,Action,Adventure,Fantasy
Doctor Strange in the Multiverse of Madness,Action,Adventure,Fantasy
John Wick: Chapter 4,Action,Crime,Thriller
Prey,Action,Drama,Horror
Ant-Man and the Wasp: Quantumania,Action,Adventure,Comedy
Black Adam,Action,Fantasy,Sci-Fi
The Batman,Action,Crime,Drama
The Northman,Action,Adventure,Drama
Spider-Man: No Way Home,Action,Adventure,Fantasy
Guardians of the Galaxy Vol. 3,Action,Adventure,Comedy
Samaritan,Action,Drama,Fantasy
The Lost City,Action,Adventure,Comedy
Black Panther,Action,Adventure,Sci-Fi
Lightyear,Animation,Action,Adventure
The Man from Toronto,Action,Adventure,Comedy
Paws of Fury: The Legend of Hank,Animation,Action,Comedy
No Time to Die,Action,Adventure,Thriller
The Unbearable Weight of Massive Talent,Action,Comedy,Crime
Avengers: Endgame,Action,Adventure,Drama
Spiderhead,Action,Crime,Drama
Fantastic Beasts: The Secrets of Dumbledore,Action,Adventure,Fantasy
Blade Runner 2049,Action,Drama,Mystery
The Princess,Action,Drama,Fantasy
Dune: Part One,Action,Adventure,Drama
Jurassic Park,Action,Adventure,Sci-Fi
John Wick,Action,Crime,Thriller
Eternals,Action,Adventure,Fantasy
Thor: Ragnarok,Action,Adventure,Comedy
Heat,Action,Crime,Drama
Deadpool,Action,Adventure,Comedy
The Dark Knight,Action,Crime,Drama
Morbius,Action,Adventure,Horror
Thirteen Lives,Action,Adventure,Biography
The Lord of the Rings: The Fellowship of the Ring,Action,Adventure,Drama
Inception,Action,Adventure,Sci-Fi
Shazam!,Action,Adventure,Comedy
Avatar: The Way of Water,Action,Adventure,Sci-Fi
Resident Evil: Welcome to Raccoon City,Action,Horror,Sci-Fi
Free Guy,Action,Adventure,Comedy
Ambulance,Action,Crime,Drama
Terminator: Dark Fate,Action,Adventure,Sci-Fi
Expend4bles,Action,Adventure,Thriller
Deadpool 2,Action,Adventure,Comedy
Tenet,Action,Sci-Fi,Thriller
Fantastic Four,Action,Adventure,Sci-Fi
The Gentlemen,Action,Comedy,Crime
Avengers: Infinity War,Action,Adventure,Sci-Fi
Shang-Chi and the Legend of the Ten Rings,Action,Adventure,Fantasy
The King's Man,Action,Adventure,Thriller
Nobody,Action,Crime,Drama
Blade,Action,Adventure,Fantasy
Sonic the Hedgehog 2,Action,Adventure,Comedy
Thor,Action,Adventure,Fantasy
Guardians of the Galaxy,Action,Adventure,Comedy
Gladiator,Action,Adventure,Drama
Wrath of Man,Action,Crime,Thriller
John Wick: Chapter 3 - Parabellum,Action,Crime,Thriller
The Adam Project,Action,Adventure,Comedy
Logan,Action,Drama,Sci-Fi
The Hunger Games,Action,Adventure,Sci-Fi
Star Wars,Action,Adventure,Fantasy
The Marvels,Action,Adventure,Fantasy
Pirates of the Caribbean: The Curse of the Black Pearl,Action,Adventure,Fantasy
The Suicide Squad,Action,Adventure,Comedy
Ek Villain Returns,Action,Romance,Thriller
12 Strong,Action,Drama,History
Mad Max: Fury Road,Action,Adventure,Sci-Fi
Jurassic World: Fallen Kingdom,Action,Adventure,Sci-Fi
Jurassic World,Action,Adventure,Sci-Fi
Kingsman: The Secret Service,Action,Adventure,Comedy
CHIPS,Action,Comedy,Crime
Day Shift,Action,Comedy,Fantasy
Avatar,Action,Adventure,Fantasy
The Lord of the Rings: The Return of the King,Action,Adventure,Drama
John Wick: Chapter 2,Action,Crime,Thriller
Mission: Impossible - Fallout,Action,Adventure,Thriller
Memory,Action,Crime,Thriller
Moonfall,Action,Adventure,Sci-Fi
Black Widow,Action,Adventure,Sci-Fi
Léon,Action,Crime,Drama
Interceptor,Action,Adventure,Drama
Ford v Ferrari,Action,Biography,Drama
Trading Paint,Action,Drama,Sport
Resident Evil,Action,Horror,Sci-Fi
Red Notice,Action,Comedy,Thriller
Zack Snyder's Justice League,Action,Adventure,Fantasy
Mission: Impossible,Action,Adventure,Thriller
Enola Holmes,Action,Adventure,Crime
Suicide Squad,Action,Adventure,Fantasy
Spider-Man: Homecoming,Action,Adventure,Sci-Fi
Blade Runner,Action,Drama,Sci-Fi
The Avengers,Action,Adventure,Sci-Fi
Doragon boru supa supa hiro,Animation,Action,Adventure
Aquaman and the Lost Kingdom,Action,Adventure,Fantasy
F9,Action,Crime,Thriller
The Moderator,Action,Drama,Thriller
Spider-Man,Action,Adventure,Sci-Fi
Captain Marvel,Action,Adventure,Sci-Fi
The Last Duel,Action,Drama,History
Captain America: The First Avenger,Action,Adventure,Sci-Fi
Iron Man,Action,Adventure,Sci-Fi
Captain America: New World Order,Action,Adventure,Sci-Fi
Baywatch,Action,Comedy,Crime
Star Wars: Episode IX - The Rise of Skywalker,Action,Adventure,Fantasy
Batgirl,Action,Adventure,Crime
Ghostbusters,Action,Comedy,Fantasy
Guardians of the Galaxy Vol. 2,Action,Adventure,Comedy
Independence Day,Action,Adventure,Sci-Fi
Doctor Strange,Action,Adventure,Fantasy
Thor: The Dark World,Action,Adventure,Fantasy
Predator,Action,Adventure,Horror
Mission: Impossible - Dead Reckoning - Part One,Action,Adventure,Thriller
Hit the First Case,Action,Crime,Drama
American Made,Action,Comedy,Crime
El Camino: A Breaking Bad Movie,Action,Crime,Drama
Con Air,Action,Crime,Thriller
Dunkirk,Action,Drama,History
Aquaman,Action,Adventure,Fantasy
Hellboy,Action,Adventure,Fantasy
Baby Driver,Action,Crime,Drama
Armageddon,Action,Adventure,Sci-Fi
The Lord of the Rings: The Two Towers,Action,Adventure,Drama
1917,Action,Drama,War
The Harder They Fall,Action,Drama,Western
Fantastic Four,Action,Adventure,Sci-Fi
Star Wars: Episode I - The Phantom Menace,Action,Adventure,Fantasy
Sicario,Action,Crime,Drama
Oldeuboi,Action,Drama,Mystery
Star Trek,Action,Adventure,Sci-Fi
Spider-Man: Into the Spider-Verse,Animation,Action,Adventure
The Flash,Action,Adventure,Fantasy
The Mortal Instruments: City of Bones,Action,Adventure,Fantasy
Avengers: Age of Ultron,Action,Adventure,Sci-Fi
Operation Fortune: Ruse de guerre,Action,Comedy,Thriller
Blade,Action,Horror,Sci-Fi
Venom: Let There Be Carnage,Action,Adventure,Sci-Fi
Captain America: Civil War,Action,Adventure,Sci-Fi
Aliens,Action,Adventure,Sci-Fi
Medieval,Action,Drama,History
Watchmen,Action,Drama,Mystery
Ant-Man,Action,Adventure,Comedy
Batman Begins,Action,Crime,Drama
The Fifth Element,Action,Adventure,Sci-Fi
The Mummy,Action,Adventure,Fantasy
Spree,Action,Comedy,Crime
Pirates of the Caribbean: Dead Men Tell No Tales,Action,Adventure,Fantasy
Manyeo 2: Lo go,Action,Mystery,Thriller
The Woman King,Action,Drama,History
Mission: Impossible III,Action,Adventure,Thriller
Mission: Impossible - Rogue Nation,Action,Adventure,Thriller
Kingsman: The Golden Circle,Action,Adventure,Comedy
Starship Troopers,Action,Adventure,Sci-Fi
Spider-Man: Far from Home,Action,Adventure,Sci-Fi
Dune: Part Two,Action,Adventure,Drama
Thunderbolts,Action,Adventure,Sci-Fi
Mission: Impossible II,Action,Adventure,Thriller
The Incredible Hulk,Action,Adventure,Sci-Fi
Ghosted,Action,Adventure,Romance
Fast X,Action,Crime,Mystery
Ant-Man and the Wasp,Action,Adventure,Comedy
Apocalypto,Action,Adventure,Drama
The Nice Guys,Action,Comedy,Crime
The Tomorrow War,Action,Adventure,Drama
Transformers: Rise of the Beasts,Action,Adventure,Sci-Fi
RoboCop,Action,Crime,Sci-Fi
Divergent,Action,Adventure,Mystery
Transformers,Action,Adventure,Sci-Fi
The Amazing Spider-Man,Action,Adventure,Sci-Fi
Dungeons & Dragons,Action,Adventure,Fantasy
Birds of Prey and the Fantabulous Emancipation of One Harley Quinn,Action,Adventure,Comedy
X-Men,Action,Adventure,Sci-Fi
The Living Daylights,Action,Adventure,Thriller
Casino Royale,Action,Adventure,Thriller
Captain America: The Winter Soldier,Action,Adventure,Sci-Fi
Star Wars: Episode VI - Return of the Jedi,Action,Adventure,Fantasy
Wanted,Action,Crime,Thriller
Red Dawn,Action,Drama,Thriller
The Hunger Games: The Ballad of Songbirds and Snakes,Action,Adventure,Drama
The Meg,Action,Horror,Sci-Fi
Kill Bill: Vol. 1,Action,Crime,Drama
Rogue One,Action,Adventure,Sci-Fi
Godzilla vs. Kong,Action,Sci-Fi,Thriller
Major,Action,Biography,Drama
Hitman's Wife's Bodyguard,Action,Comedy,Crime
Edge of Tomorrow,Action,Adventure,Sci-Fi
Pan,Action,Adventure,Comedy
The Fugitive,Action,Crime,Drama
Jack Reacher,Action,Mystery,Thriller
The Empire Strikes Back,Action,Adventure,Fantasy
Collateral,Action,Crime,Drama
The Revenant,Action,Adventure,Drama
Man of Steel,Action,Adventure,Sci-Fi
TRON,Action,Adventure,Sci-Fi
The Shallows,Action,Drama,Horror
The Predator,Action,Adventure,Sci-Fi
Army of Thieves,Action,Comedy,Crime
Star Wars: Episode III - Revenge of the Sith,Action,Adventure,Fantasy
Justice League,Action,Adventure,Fantasy
Dune,Action,Adventure,Sci-Fi
Khuda Haafiz Chapter II: Agni Pariksha,Action,Crime,Drama
Eragon,Action,Adventure,Family
Infinite,Action,Sci-Fi,Thriller
Ready Player One,Action,Adventure,Sci-Fi
Star Wars: Episode VII - The Force Awakens,Action,Adventure,Sci-Fi
Willow,Action,Adventure,Drama
Venom,Action,Adventure,Sci-Fi
Natural Born Killers,Action,Crime,Drama
Point Break,Action,Crime,Thriller
Pirates of the Caribbean: Dead Man's Chest,Action,Adventure,Fantasy
The Karate Kid,Action,Drama,Family
San Andreas,Action,Adventure,Thriller
John Carter,Action,Adventure,Sci-Fi
The Mummy,Action,Adventure,Fantasy
The Guest,Action,Mystery,Thriller
X-Men: Apocalypse,Action,Adventure,Sci-Fi
Wonder Woman 1984,Action,Adventure,Fantasy
Overlord,Action,Horror,Sci-Fi
Black Panther: Wakanda Forever,Action,Adventure,Drama
Thor: Love and Thunder,Action,Adventure,Comedy
Shamshera,Action,Adventure,Drama
Everything Everywhere All at Once,Action,Adventure,Comedy
Jurassic World Dominion,Action,Adventure,Sci-Fi
Shazam! Fury of the Gods,Action,Adventure,Comedy
DC League of Super-Pets,Animation,Action,Adventure
Dungeons & Dragons: Honor Among Thieves,Action,Adventure,Fantasy
Doctor Strange in the Multiverse of Madness,Action,Adventure,Fantasy
Barbie,Adventure,Comedy,Fantasy
The Sea Beast,Animation,Adventure,Comedy
Ant-Man and the Wasp: Quantumania,Action,Adventure,Comedy
Minions: The Rise of Gru,Animation,Adventure,Comedy
The Northman,Action,Adventure,Drama
Spider-Man: No Way Home,Action,Adventure,Fantasy
Sing 2,Animation,Adventure,Comedy
Guardians of the Galaxy Vol. 3,Action,Adventure,Comedy
The Lost City,Action,Adventure,Comedy
Black Panther,Action,Adventure,Sci-Fi
Lightyear,Animation,Action,Adventure
The Man from Toronto,Action,Adventure,Comedy
No Time to Die,Action,Adventure,Thriller
Avengers: Endgame,Action,Adventure,Drama
The Bad Guys,Animation,Adventure,Comedy
Fantastic Beasts: The Secrets of Dumbledore,Action,Adventure,Fantasy
Ghostbusters: Afterlife,Adventure,Comedy,Fantasy
Dune: Part One,Action,Adventure,Drama
Jurassic Park,Action,Adventure,Sci-Fi
Eternals,Action,Adventure,Fantasy
Thor: Ragnarok,Action,Adventure,Comedy
Interstellar,Adventure,Drama,Sci-Fi
Deadpool,Action,Adventure,Comedy
Morbius,Action,Adventure,Horror
Thirteen Lives,Action,Adventure,Biography
The Lord of the Rings: The Fellowship of the Ring,Action,Adventure,Drama
Inception,Action,Adventure,Sci-Fi
Shazam!,Action,Adventure,Comedy
VR (Vikrant Rona),Adventure,Drama,Mystery
Avatar: The Way of Water,Action,Adventure,Sci-Fi
Harry Potter and the Sorcerer's Stone,Adventure,Family,Fantasy
Free Guy,Action,Adventure,Comedy
The Bob's Burgers Movie,Animation,Adventure,Comedy
The Goonies,Adventure,Comedy,Family
Terminator: Dark Fate,Action,Adventure,Sci-Fi
Expend4bles,Action,Adventure,Thriller
Deadpool 2,Action,Adventure,Comedy
Fantastic Four,Action,Adventure,Sci-Fi
Inglourious Basterds,Adventure,Drama,War
Avengers: Infinity War,Action,Adventure,Sci-Fi
Shang-Chi and the Legend of the Ten Rings,Action,Adventure,Fantasy
The King's Man,Action,Adventure,Thriller
Beast,Adventure,Drama,Horror
Blade,Action,Adventure,Fantasy
Sonic the Hedgehog 2,Action,Adventure,Comedy
Thor,Action,Adventure,Fantasy
Guardians of the Galaxy,Action,Adventure,Comedy
Gladiator,Action,Adventure,Drama
The Adam Project,Action,Adventure,Comedy
The Hunger Games,Action,Adventure,Sci-Fi
Star Wars,Action,Adventure,Fantasy
The Marvels,Action,Adventure,Fantasy
Pirates of the Caribbean: The Curse of the Black Pearl,Action,Adventure,Fantasy
The Suicide Squad,Action,Adventure,Comedy
Mad Max: Fury Road,Action,Adventure,Sci-Fi
Jurassic World: Fallen Kingdom,Action,Adventure,Sci-Fi
Jurassic World,Action,Adventure,Sci-Fi
Kingsman: The Secret Service,Action,Adventure,Comedy
Avatar,Action,Adventure,Fantasy
The Lord of the Rings: The Return of the King,Action,Adventure,Drama
The Blue Lagoon,Adventure,Drama,Romance
Mission: Impossible - Fallout,Action,Adventure,Thriller
Moonfall,Action,Adventure,Sci-Fi
Black Widow,Action,Adventure,Sci-Fi
Interceptor,Action,Adventure,Drama
Zack Snyder's Justice League,Action,Adventure,Fantasy
Mission: Impossible,Action,Adventure,Thriller
Enola Holmes,Action,Adventure,Crime
Suicide Squad,Action,Adventure,Fantasy
Spider-Man: Homecoming,Action,Adventure,Sci-Fi
The Avengers,Action,Adventure,Sci-Fi
Doragon boru supa supa hiro,Animation,Action,Adventure
Aquaman and the Lost Kingdom,Action,Adventure,Fantasy
Spider-Man,Action,Adventure,Sci-Fi
Captain Marvel,Action,Adventure,Sci-Fi
Back to the Future,Adventure,Comedy,Sci-Fi
Chip 'n Dale: Rescue Rangers,Animation,Adventure,Comedy
Minions,Animation,Adventure,Comedy
Captain America: The First Avenger,Action,Adventure,Sci-Fi
Iron Man,Action,Adventure,Sci-Fi
Captain America: New World Order,Action,Adventure,Sci-Fi
The Little Mermaid,Adventure,Family,Fantasy
The Princess Bride,Adventure,Family,Fantasy
Star Wars: Episode IX - The Rise of Skywalker,Action,Adventure,Fantasy
Batgirl,Action,Adventure,Crime
Turning Red,Animation,Adventure,Comedy
Luck,Animation,Adventure,Comedy
The Grand Budapest Hotel,Adventure,Comedy,Crime
Guardians of the Galaxy Vol. 2,Action,Adventure,Comedy
Independence Day,Action,Adventure,Sci-Fi
Deliverance,Adventure,Drama,Thriller
Doctor Strange,Action,Adventure,Fantasy
Thor: The Dark World,Action,Adventure,Fantasy
Predator,Action,Adventure,Horror
Mission: Impossible - Dead Reckoning - Part One,Action,Adventure,Thriller
Pinocchio,Adventure,Comedy,Drama
Aquaman,Action,Adventure,Fantasy
Hellboy,Action,Adventure,Fantasy
Armageddon,Action,Adventure,Sci-Fi
The Lord of the Rings: The Two Towers,Action,Adventure,Drama
Green Lantern: Beware My Power,Animation,Adventure,Sci-Fi
Fantastic Four,Action,Adventure,Sci-Fi
Star Wars: Episode I - The Phantom Menace,Action,Adventure,Fantasy
Star Trek,Action,Adventure,Sci-Fi
Spider-Man: Into the Spider-Verse,Animation,Action,Adventure
The Flash,Action,Adventure,Fantasy
The Mortal Instruments: City of Bones,Action,Adventure,Fantasy
Avengers: Age of Ultron,Action,Adventure,Sci-Fi
Moana,Animation,Adventure,Comedy
Barry Lyndon,Adventure,Drama,War
Venom: Let There Be Carnage,Action,Adventure,Sci-Fi
Captain America: Civil War,Action,Adventure,Sci-Fi
Aliens,Action,Adventure,Sci-Fi
Ant-Man,Action,Adventure,Comedy
Almost Famous,Adventure,Comedy,Drama
The Fifth Element,Action,Adventure,Sci-Fi
The Mummy,Action,Adventure,Fantasy
Cars,Animation,Adventure,Comedy
Pirates of the Caribbean: Dead Men Tell No Tales,Action,Adventure,Fantasy
Ratatouille,Animation,Adventure,Comedy
Despicable Me,Animation,Adventure,Comedy
Mission: Impossible III,Action,Adventure,Thriller
Mission: Impossible - Rogue Nation,Action,Adventure,Thriller
Kingsman: The Golden Circle,Action,Adventure,Comedy
Fantastic Beasts: The Crimes of Grindelwald,Adventure,Family,Fantasy
Starship Troopers,Action,Adventure,Sci-Fi
Mysterious Island,Adventure,Family,Fantasy
Spider-Man: Far from Home,Action,Adventure,Sci-Fi
Dune: Part Two,Action,Adventure,Drama
The Lion King,Animation,Adventure,Drama
Stardust,Adventure,Family,Fantasy
Thunderbolts,Action,Adventure,Sci-Fi
Mission: Impossible II,Action,Adventure,Thriller
Harry Potter and the Goblet of Fire,Adventure,Family,Fantasy
The Incredible Hulk,Action,Adventure,Sci-Fi
Ghosted,Action,Adventure,Romance
Idiocracy,Adventure,Comedy,Sci-Fi
Ant-Man and the Wasp,Action,Adventure,Comedy
Apocalypto,Action,Adventure,Drama
Sen to Chihiro no kamikakushi,Animation,Adventure,Family
The Tomorrow War,Action,Adventure,Drama
Transformers: Rise of the Beasts,Action,Adventure,Sci-Fi
Divergent,Action,Adventure,Mystery
Cruella,Adventure,Comedy,Crime
Transformers,Action,Adventure,Sci-Fi
Annihilation,Adventure,Drama,Horror
The Amazing Spider-Man,Action,Adventure,Sci-Fi
Dungeons & Dragons,Action,Adventure,Fantasy
Birds of Prey and the Fantabulous Emancipation of One Harley Quinn,Action,Adventure,Comedy
X-Men,Action,Adventure,Sci-Fi
The Living Daylights,Action,Adventure,Thriller
The Parent Trap,Adventure,Comedy,Drama
Beauty and the Beast,Adventure,Family,Fantasy
Casino Royale,Action,Adventure,Thriller
Captain America: The Winter Soldier,Action,Adventure,Sci-Fi
Star Wars: Episode VI - Return of the Jedi,Action,Adventure,Fantasy
Time Bandits,Adventure,Comedy,Fantasy
The Green Knight,Adventure,Drama,Fantasy
Ad Astra,Adventure,Drama,Mystery
The Hunger Games: The Ballad of Songbirds and Snakes,Action,Adventure,Drama
Harry Potter and the Chamber of Secrets,Adventure,Family,Fantasy
Rogue One,Action,Adventure,Sci-Fi
Edge of Tomorrow,Action,Adventure,Sci-Fi
Harry Potter and the Deathly Hallows: Part 2,Adventure,Fantasy,Mystery
Pan,Action,Adventure,Comedy
Harry Potter and the Deathly Hallows: Part 1,Adventure,Family,Fantasy
The Empire Strikes Back,Action,Adventure,Fantasy
The Railway Children Return,Adventure,Drama,Family
The Revenant,Action,Adventure,Drama
Man of Steel,Action,Adventure,Sci-Fi
TRON,Action,Adventure,Sci-Fi
The Predator,Action,Adventure,Sci-Fi
Star Wars: Episode III - Revenge of the Sith,Action,Adventure,Fantasy
Prometheus,Adventure,Mystery,Sci-Fi
Justice League,Action,Adventure,Fantasy
Dune,Action,Adventure,Sci-Fi
Eragon,Action,Adventure,Family
Harry Potter and the Prisoner of Azkaban,Adventure,Family,Fantasy
Ready Player One,Action,Adventure,Sci-Fi
Star Wars: Episode VII - The Force Awakens,Action,Adventure,Sci-Fi
Willow,Action,Adventure,Drama
Venom,Action,Adventure,Sci-Fi
Pirates of the Caribbean: Dead Man's Chest,Action,Adventure,Fantasy
San Andreas,Action,Adventure,Thriller
The NeverEnding Story,Adventure,Drama,Family
John Carter,Action,Adventure,Sci-Fi
The Mummy,Action,Adventure,Fantasy
Toy Story,Animation,Adventure,Comedy
X-Men: Apocalypse,Action,Adventure,Sci-Fi
Wonder Woman 1984,Action,Adventure,Fantasy
The Wizard of Oz,Adventure,Family,Fantasy
Transformers: The Last Knight,Action,Adventure,Sci-Fi
Iron Man Three,Action,Adventure,Sci-Fi
Goldfinger,Action,Adventure,Thriller
The Lost World: Jurassic Park,Action,Adventure,Sci-Fi
Aladdin,Adventure,Comedy,Family
Fantastic Beasts and Where to Find Them,Adventure,Family,Fantasy
Zootopia,Animation,Adventure,Comedy
Wonder Woman,Action,Adventure,Fantasy
Jungle Cruise,Action,Adventure,Comedy
Star Wars: Episode VIII - The Last Jedi,Action,Adventure,Fantasy
The Dirty Dozen,Action,Adventure,War
Tomb Raider,Action,Adventure,Fantasy
Fantastic Four,Action,Adventure,Fantasy
E.T. the Extra-Terrestrial,Adventure,Family,Sci-Fi
Jurassic Park III,Action,Adventure,Sci-Fi
Wonka,Adventure,Comedy,Family
Time After Time,Adventure,Drama,Sci-Fi
Sonic the Hedgehog,Action,Adventure,Comedy
Scooby-Doo,Adventure,Comedy,Family
Hercules,Animation,Adventure,Comedy
The Amazing Spider-Man 2,Action,Adventure,Sci-Fi
Speed,Action,Adventure,Thriller
Terminator Genisys,Action,Adventure,Sci-Fi
Jumanji: Welcome to the Jungle,Action,Adventure,Comedy
Avengers: The Kang Dynasty,Action,Adventure,Sci-Fi
Star Wars: Episode II - Attack of the Clones,Action,Adventure,Fantasy
Knights of the Zodiac,Action,Adventure,Drama
The Blues Brothers,Action,Adventure,Comedy
Into the Wild,Adventure,Biography,Drama
"The Chronicles of Narnia: The Lion, the Witch and the Wardrobe",Adventure,Family,Fantasy
777 Charlie,Adventure,Comedy,Drama
Kate,Action,Adventure,Crime
Spider-Man 3,Action,Adventure,Sci-Fi
Secret Headquarters,Action,Adventure,Comedy
Finding Nemo,Animation,Adventure,Comedy
Fast & Furious Presents: Hobbs & Shaw,Action,Adventure,Thriller
Charlie and the Chocolate Factory,Adventure,Comedy,Family
The Hunger Games: Catching Fire,Action,Adventure,Sci-Fi
Coco,Animation,Adventure,Comedy
Thor: Love and Thunder,Action,Adventure,Comedy
Everything Everywhere All at Once,Action,Adventure,Comedy
Shazam! Fury of the Gods,Action,Adventure,Comedy
Bullet Train,Action,Comedy,Thriller
DC League of Super-Pets,Animation,Action,Adventure
Barbie,Adventure,Comedy,Fantasy
The Sea Beast,Animation,Adventure,Comedy
Ant-Man and the Wasp: Quantumania,Action,Adventure,Comedy
Minions: The Rise of Gru,Animation,Adventure,Comedy
Sing 2,Animation,Adventure,Comedy
Guardians of the Galaxy Vol. 3,Action,Adventure,Comedy
The Lost City,Action,Adventure,Comedy
Vengeance,Comedy,Mystery,Thriller
Hustle,Comedy,Drama,Sport
The Man from Toronto,Action,Adventure,Comedy
Paws of Fury: The Legend of Hank,Animation,Action,Comedy
The Unbearable Weight of Massive Talent,Action,Comedy,Crime
The Bad Guys,Animation,Adventure,Comedy
Ghostbusters: Afterlife,Adventure,Comedy,Fantasy
Emma.,Comedy,Drama,Romance
The Wolf of Wall Street,Biography,Comedy,Crime
Thor: Ragnarok,Action,Adventure,Comedy
Jug Jugg Jeeyo,Comedy,Drama,Family
Bodies Bodies Bodies,Comedy,Horror,Thriller
Deadpool,Action,Adventure,Comedy
Knives Out,Comedy,Crime,Drama
Shazam!,Action,Adventure,Comedy
Don't Look Up,Comedy,Drama,Sci-Fi
Free Guy,Action,Adventure,Comedy
The Bob's Burgers Movie,Animation,Adventure,Comedy
The Goonies,Adventure,Comedy,Family
A League of Their Own,Comedy,Drama,Sport
Marcel the Shell with Shoes On,Animation,Comedy,Family
Deadpool 2,Action,Adventure,Comedy
Vicky Cristina Barcelona,Comedy,Drama,Romance
Licorice Pizza,Comedy,Drama,Romance
The Gentlemen,Action,Comedy,Crime
Sonic the Hedgehog 2,Action,Adventure,Comedy
Verdens verste menneske,Comedy,Drama,Romance
Gisaengchung,Comedy,Drama,Thriller
Guardians of the Galaxy,Action,Adventure,Comedy
The Adam Project,Action,Adventure,Comedy
CODA,Comedy,Drama,Music
The Big Short,Biography,Comedy,Drama
The Suicide Squad,Action,Adventure,Comedy
Encanto,Animation,Comedy,Family
Jaadugar,Comedy,Drama,Fantasy
Jerry & Marge Go Large,Biography,Comedy,Drama
Kingsman: The Secret Service,Action,Adventure,Comedy
CHIPS,Action,Comedy,Crime
Day Shift,Action,Comedy,Fantasy
Fresh,Comedy,Horror,Thriller
The Little Rascals,Comedy,Family,Romance
The Munsters,Comedy,Family,Fantasy
Red Notice,Action,Comedy,Thriller
Father of the Bride,Comedy,Drama,Romance
Back to the Future,Adventure,Comedy,Sci-Fi
Chip 'n Dale: Rescue Rangers,Animation,Adventure,Comedy
The Girl Next Door,Comedy,Drama,Romance
Minions,Animation,Adventure,Comedy
The French Dispatch,Comedy,Drama,Romance
Baywatch,Action,Comedy,Crime
Turning Red,Animation,Adventure,Comedy
Luck,Animation,Adventure,Comedy
Ghostbusters,Action,Comedy,Fantasy
The Grand Budapest Hotel,Adventure,Comedy,Crime
Guardians of the Galaxy Vol. 2,Action,Adventure,Comedy
American Made,Action,Comedy,Crime
Jojo Rabbit,Comedy,Drama,War
Pinocchio,Adventure,Comedy,Drama
Weird: The Al Yankovic Story,Biography,Comedy,Music
Mr. Malcolm's List,Comedy,Drama,Romance
Mighty Aphrodite,Comedy,Fantasy,Romance
La La Land,Comedy,Drama,Music
Pitch Perfect,Comedy,Music,Romance
Marry Me,Comedy,Music,Romance
The Sandlot,Comedy,Drama,Family
Spider-Man: Into the Spider-Verse,Animation,Action,Adventure
Moana,Animation,Adventure,Comedy
Operation Fortune: Ruse de guerre,Action,Comedy,Thriller
Hustlers,Comedy,Crime,Drama
Ant-Man,Action,Adventure,Comedy
Grease,Comedy,Musical,Romance
Almost Famous,Adventure,Comedy,Drama
Cars,Animation,Adventure,Comedy
Spree,Action,Comedy,Crime
Ratatouille,Animation,Adventure,Comedy
Despicable Me,Animation,Adventure,Comedy
Love Actually,Comedy,Drama,Romance
Kingsman: The Golden Circle,Action,Adventure,Comedy
10 Things I Hate About You,Comedy,Drama,Romance
Idiocracy,Adventure,Comedy,Sci-Fi
Ant-Man and the Wasp,Action,Adventure,Comedy
The Nice Guys,Action,Comedy,Crime
Hocus Pocus 2,Comedy,Family,Fantasy
Sing,Animation,Comedy,Family
Cruella,Adventure,Comedy,Crime
"Crazy, Stupid, Love.",Comedy,Drama,Romance
White Noise,Comedy,Drama,Horror
Birds of Prey and the Fantabulous Emancipation of One Harley Quinn,Action,Adventure,Comedy
The Parent Trap,Adventure,Comedy,Drama
Time Bandits,Adventure,Comedy,Fantasy
Notting Hill,Comedy,Drama,Romance
He's Just Not That Into You,Comedy,Drama,Romance
Clue,Comedy,Crime,Mystery
Laal Singh Chaddha,Comedy,Drama,Romance
Hitman's Wife's Bodyguard,Action,Comedy,Crime
Pan,Action,Adventure,Comedy
About Time,Comedy,Drama,Fantasy
Crazy Rich Asians,Comedy,Drama,Romance
Army of Thieves,Action,Comedy,Crime
Steel Magnolias,Comedy,Drama,Romance
Hocus Pocus,Comedy,Family,Fantasy
Toy Story,Animation,Adventure,Comedy
Swiss Army Man,Comedy,Drama,Fantasy
Secretary,Comedy,Drama,Romance
Aladdin,Adventure,Comedy,Family
Matilda,Comedy,Family,Fantasy
Zootopia,Animation,Adventure,Comedy
Jungle Cruise,Action,Adventure,Comedy
"Three Billboards Outside Ebbing, Missouri",Comedy,Crime,Drama
Green Book,Biography,Comedy,Drama
La vita è bella,Comedy,Drama,Romance
Wonka,Adventure,Comedy,Family
Sonic the Hedgehog,Action,Adventure,Comedy
Tropic Thunder,Action,Comedy,War
Scooby-Doo,Adventure,Comedy,Family
War Dogs,Biography,Comedy,Crime
Hercules,Animation,Adventure,Comedy
Ready or Not,Action,Comedy,Horror
Jumanji: Welcome to the Jungle,Action,Adventure,Comedy
Good Luck Jerry,Comedy,Crime,Drama
Vice,Biography,Comedy,Drama
Mamma Mia!,Comedy,Musical,Romance
The Blues Brothers,Action,Adventure,Comedy
The World's End,Action,Comedy,Sci-Fi
777 Charlie,Adventure,Comedy,Drama
In Bruges,Comedy,Crime,Drama
Secret Headquarters,Action,Adventure,Comedy
Finding Nemo,Animation,Adventure,Comedy
Palm Springs,Comedy,Fantasy,Mystery
Charlie and the Chocolate Factory,Adventure,Comedy,Family
Coco,Animation,Adventure,Comedy
The Terminal,Comedy,Drama,Romance
Scott Pilgrim vs. the World,Action,Comedy,Fantasy
Jumanji,Adventure,Comedy,Family
The Intouchables,Biography,Comedy,Drama
Janhit Mein Jaari,Comedy,Drama,Romance
Charlie's Angels,Action,Adventure,Comedy
Luca,Animation,Adventure,Comedy
Cocktail,Comedy,Drama,Romance
The Little Mermaid,Animation,Adventure,Comedy
Love and Monsters,Action,Adventure,Comedy
Disenchanted,Animation,Adventure,Comedy
Jumanji: The Next Level,Action,Adventure,Comedy
The Mask,Action,Comedy,Crime
The Heat,Action,Comedy,Crime
Hot Fuzz,Action,Comedy,Mystery
Big Trouble in Little China,Action,Adventure,Comedy
Frozen,Animation,Adventure,Comedy
Tangled,Animation,Adventure,Comedy
13 Going on 30,Comedy,Fantasy,Romance
Incredibles 2,Animation,Action,Adventure
Real Genius,Comedy,Romance,Sci-Fi
Mamma Mia! Here We Go Again,Comedy,Musical,Romance
Hook,Adventure,Comedy,Family
The Princess Diaries,Comedy,Family,Romance
Beverly Hills Cop,Action,Comedy,Crime
Men in Black,Action,Adventure,Comedy
Untitled Super Mario Project,Animation,Adventure,Comedy
Diary of a Wimpy Kid,Comedy,Drama,Family
Shrek,Animation,Adventure,Comedy
(500) Days of Summer,Comedy,Drama,Romance
Roald Dahl's Matilda the Musical,Comedy,Drama,Family
Inside Out,Animation,Adventure,Comedy
Nope,Horror,Mystery,Sci-Fi
Doctor Strange in the Multiverse of Madness,Action,Adventure,Fantasy
Prey,Action,Drama,Horror
Last Night in Soho,Drama,Horror,Mystery
Get Out,Horror,Mystery,Thriller
Men,Drama,Fantasy,Horror
Orphan: First Kill,Crime,Drama,Horror
Us,Horror,Mystery,Thriller
Orphan,Horror,Mystery,Thriller
Midsommar,Drama,Horror,Mystery
Bodies Bodies Bodies,Comedy,Horror,Thriller
Crimes of the Future,Drama,Horror,Sci-Fi
Morbius,Action,Adventure,Horror
Umma,Drama,Horror,Mystery
Resident Evil: Welcome to Raccoon City,Action,Horror,Sci-Fi
American Psycho,Crime,Drama,Horror
Scream,Horror,Mystery,Thriller
Watcher,Drama,Horror,Thriller
Old,Drama,Horror,Mystery
Beast,Adventure,Drama,Horror
Blade,Action,Adventure,Fantasy
Resurrection,Crime,Drama,Horror
Bones and All,Drama,Horror,Romance
Interview with the Vampire: The Vampire Chronicles,Drama,Fantasy,Horror
Day Shift,Action,Comedy,Fantasy
Fresh,Comedy,Horror,Thriller
The Munsters,Comedy,Family,Fantasy
Srpski film,Horror,Mystery,Thriller
Hereditary,Drama,Horror,Mystery
Resident Evil,Action,Horror,Sci-Fi
The Rental,Drama,Horror,Mystery
It Chapter Two,Drama,Fantasy,Horror
The VVitch: A New-England Folktale,Drama,Fantasy,Horror
Eight for Silver,Fantasy,Horror,Mystery
Jeepers Creepers Reborn,Horror,Mystery,Thriller
Predator,Action,Adventure,Horror
Hellboy,Action,Adventure,Fantasy
Mad God,Animation,Fantasy,Horror
The Thing,Horror,Mystery,Sci-Fi
The Mortal Instruments: City of Bones,Action,Adventure,Fantasy
Blade,Action,Horror,Sci-Fi
The Conjuring,Horror,Mystery,Thriller
The Mist,Horror,Sci-Fi,Thriller
Sinister,Horror,Mystery,Thriller
Dracula,Drama,Fantasy,Horror
Spree,Action,Comedy,Crime
Malignant,Crime,Horror,Mystery
Fear Street: 1994,Drama,Horror,Mystery
Scream 6,Horror,Mystery,Thriller
Mother!,Drama,Horror,Mystery
De uskyldige,Drama,Fantasy,Horror
Hocus Pocus 2,Comedy,Family,Fantasy
A Quiet Place Part II,Drama,Horror,Sci-Fi
A Quiet Place,Drama,Horror,Sci-Fi
Annihilation,Adventure,Drama,Horror
Suspiria,Drama,Fantasy,Horror
White Noise,Comedy,Drama,Horror
The Lighthouse,Drama,Fantasy,Horror
The Meg,Action,Horror,Sci-Fi
Insidious,Horror,Mystery,Thriller
Doctor Sleep,Drama,Fantasy,Horror
The Shallows,Action,Drama,Horror
Fear Street: 1978,Drama,Horror,Mystery
What Ever Happened to Baby Jane?,Drama,Horror,Thriller
Under the Skin,Drama,Horror,Mystery
Hocus Pocus,Comedy,Family,Fantasy
The Mummy,Action,Adventure,Fantasy
Bone Tomahawk,Drama,Horror,Western
Overlord,Action,Horror,Sci-Fi
Psycho,Horror,Mystery,Thriller
Alien: Covenant,Horror,Sci-Fi,Thriller
The Hunt,Action,Horror,Thriller
Underwater,Action,Horror,Sci-Fi
From Dusk Till Dawn,Action,Crime,Horror
Firestarter,Drama,Horror,Sci-Fi
Ready or Not,Action,Comedy,Horror
Lamb,Drama,Fantasy,Horror
Army of the Dead,Action,Crime,Horror
28 Days Later...,Drama,Horror,Sci-Fi
They Live,Action,Horror,Sci-Fi
She Will,Drama,Horror,Thriller
It Follows,Horror,Mystery,Thriller
El hoyo,Horror,Sci-Fi,Thriller
World War Z,Action,Adventure,Horror
The Invisible Man,Drama,Horror,Mystery
Malnazidos,Action,Adventure,Fantasy
Constantine,Action,Fantasy,Horror
Texas Chainsaw Massacre,Crime,Horror,Thriller
Sweeney Todd: The Demon Barber of Fleet Street,Drama,Horror,Musical
Busanhaeng,Action,Horror,Thriller
The Cabin in the Woods,Horror,Mystery,Thriller
Saw,Horror,Mystery,Thriller
Life,Horror,Sci-Fi,Thriller
Megan Is Missing,Drama,Horror,Thriller
10 Cloverfield Lane,Drama,Horror,Mystery
The Night House,Horror,Mystery,Thriller
The Conjuring 2,Horror,Mystery,Thriller
The Killing of a Sacred Deer,Drama,Horror,Mystery
Resident Evil: Apocalypse,Action,Horror,Sci-Fi
The Rocky Horror Picture Show,Comedy,Horror,Musical
The Crow,Action,Crime,Drama
Jaws 2,Adventure,Horror,Thriller
Unsane,Drama,Horror,Mystery
Vivarium,Horror,Mystery,Sci-Fi
Antichrist,Drama,Horror,Thriller
Event Horizon,Horror,Sci-Fi,Thriller
Hotel Transylvania: Transformania,Animation,Adventure,Comedy
The Descent,Adventure,Horror,Thriller
No One Gets Out Alive,Drama,Horror,Mystery
The Craft,Drama,Fantasy,Horror
Don't Breathe,Crime,Horror,Thriller
The Others,Horror,Mystery,Thriller
Hellboy,Action,Adventure,Fantasy
Titane,Drama,Horror,Sci-Fi
The Conjuring: The Devil Made Me Do It,Horror,Mystery,Thriller
The House That Jack Built,Crime,Drama,Horror
Evil Dead Rise,Fantasy,Horror,Thriller
Glass,Drama,Horror,Sci-Fi
House of Darkness,Comedy,Horror,Mystery
The Deep House,Drama,Horror,Mystery
Predator 2,Action,Horror,Sci-Fi
The Forever Purge,Action,Horror,Thriller
Gerald's Game,Drama,Horror,Thriller
Friday the 13th,Horror,Mystery,Thriller
The New Mutants,Action,Horror,Mystery
Halloween,Crime,Horror,Thriller
Resident Evil: Retribution,Action,Horror,Sci-Fi
Antlers,Drama,Horror,Mystery
The Visit,Horror,Mystery,Thriller
Resident Evil: The Final Chapter,Action,Horror,Sci-Fi
Fantasy Island,Fantasy,Horror,Mystery
Zombieland,Action,Comedy,Horror
Alien³,Action,Horror,Sci-Fi
The Monster That Challenged the World,Horror,Sci-Fi,Thriller
Little Shop of Horrors,Comedy,Horror,Musical
Species,Action,Horror,Sci-Fi
The Fly,Drama,Horror,Sci-Fi
Escape Room,Action,Adventure,Horror
Sleepy Hollow,Fantasy,Horror,Mystery
Gremlins,Comedy,Fantasy,Horror
The Nun,Horror,Mystery,Thriller
Freaky,Comedy,Horror,Thriller
The Purge,Horror,Sci-Fi,Thriller
The Turning,Drama,Horror,Mystery
Escape Room: Tournament of Champions,Action,Adventure,Horror
Don't Breathe 2,Action,Crime,Horror
End of Days,Action,Fantasy,Horror
In the Mouth of Madness,Drama,Fantasy,Horror
Climax,Drama,Horror,Music
The Faculty,Horror,Mystery,Sci-Fi
Alien Resurrection,Action,Horror,Sci-Fi
Scream 4,Comedy,Horror,Mystery
Ang-ma-reul bo-at-da,Action,Crime,Drama
Mandy,Action,Fantasy,Horror
Spiral: From the Book of Saw,Action,Adventure,Crime
Jaws 3-D,Adventure,Horror,Thriller
The Invitation,Drama,Horror,Mystery
The Ritual,Horror,Mystery,Thriller
The Cell,Crime,Horror,Sci-Fi
Night Teeth,Action,Crime,Drama
The Last House on the Left,Crime,Horror,Thriller
Friday the 13th,Horror,Mystery,Thriller
The Green Slime,Drama,Horror,Sci-Fi
Death Becomes Her,Comedy,Fantasy,Horror
Brightburn,Drama,Horror,Mystery
American Carnage,Comedy,Horror,Mystery
Ghostland,Drama,Horror,Mystery
Wendell and Wild,Animation,Adventure,Comedy
Blade: Trinity,Action,Horror,Sci-Fi
Haunted Mansion,Comedy,Drama,Family
Resident Evil: Extinction,Action,Horror,Sci-Fi
Hellboy II: The Golden Army,Action,Adventure,Fantasy
Alone,Drama,Horror,Mystery
Nope,Horror,Mystery,Sci-Fi
Black Panther: Wakanda Forever,Action,Adventure,Drama
Where the Crawdads Sing,Drama,Mystery,Thriller
Jurassic World Dominion,Action,Adventure,Sci-Fi
Shazam! Fury of the Gods,Action,Adventure,Comedy
Bullet Train,Action,Comedy,Thriller
John Wick: Chapter 4,Action,Crime,Thriller
Prey,Action,Drama,Horror
Ant-Man and the Wasp: Quantumania,Action,Adventure,Comedy
The Northman,Action,Adventure,Drama
Guardians of the Galaxy Vol. 3,Action,Adventure,Comedy
Last Night in Soho,Drama,Horror,Mystery
Get Out,Horror,Mystery,Thriller
Vengeance,Comedy,Mystery,Thriller
Killers of the Flower Moon,Crime,Drama,History
The Man from Toronto,Action,Adventure,Comedy
No Time to Die,Action,Adventure,Thriller
The Unbearable Weight of Massive Talent,Action,Comedy,Crime
Spiderhead,Action,Crime,Drama
Orphan: First Kill,Crime,Drama,Horror
Us,Horror,Mystery,Thriller
Blade Runner 2049,Action,Drama,Mystery
The Princess,Action,Drama,Fantasy
Jurassic Park,Action,Adventure,Sci-Fi
John Wick,Action,Crime,Thriller
Orphan,Horror,Mystery,Thriller
Midsommar,Drama,Horror,Mystery
Deep Water,Drama,Mystery,Thriller
Bodies Bodies Bodies,Comedy,Horror,Thriller
The Dark Knight,Action,Crime,Drama
Morbius,Action,Adventure,Horror
Knives Out,Comedy,Crime,Drama
Thirteen Lives,Action,Adventure,Biography
Inception,Action,Adventure,Sci-Fi
VR (Vikrant Rona),Adventure,Drama,Mystery
Pipa,Crime,Drama,Mystery
Avatar: The Way of Water,Action,Adventure,Sci-Fi
Se7en,Crime,Drama,Mystery
Ambulance,Action,Crime,Drama
Scream,Horror,Mystery,Thriller
Expend4bles,Action,Adventure,Thriller
Tenet,Action,Sci-Fi,Thriller
Watcher,Drama,Horror,Thriller
Old,Drama,Horror,Mystery
The King's Man,Action,Adventure,Thriller
Fifty Shades of Grey,Drama,Romance,Thriller
Beast,Adventure,Drama,Horror
Nobody,Action,Crime,Drama
Gisaengchung,Comedy,Drama,Thriller
Wrath of Man,Action,Crime,Thriller
Legend,Biography,Crime,Drama
John Wick: Chapter 3 - Parabellum,Action,Crime,Thriller
Resurrection,Crime,Drama,Horror
The Departed,Crime,Drama,Thriller
Logan,Action,Drama,Sci-Fi
The Talented Mr. Ripley,Crime,Drama,Thriller
The Hunger Games,Action,Adventure,Sci-Fi
Ek Villain Returns,Action,Romance,Thriller
Joker,Crime,Drama,Thriller
Mad Max: Fury Road,Action,Adventure,Sci-Fi
The Outfit,Crime,Drama,Mystery
Kingsman: The Secret Service,Action,Adventure,Comedy
Day Shift,Action,Comedy,Fantasy
Fresh,Comedy,Horror,Thriller
John Wick: Chapter 2,Action,Crime,Thriller
Mission: Impossible - Fallout,Action,Adventure,Thriller
Memory,Action,Crime,Thriller
Léon,Action,Crime,Drama
Interceptor,Action,Adventure,Drama
Eyes Wide Shut,Drama,Mystery,Thriller
Srpski film,Horror,Mystery,Thriller
Hereditary,Drama,Horror,Mystery
Trading Paint,Action,Drama,Sport
Red Notice,Action,Comedy,Thriller
The Rental,Drama,Horror,Mystery
Nightmare Alley,Crime,Drama,Thriller
Mission: Impossible,Action,Adventure,Thriller
The Silence of the Lambs,Crime,Drama,Thriller
Prisoners,Crime,Drama,Mystery
The Prestige,Drama,Mystery,Sci-Fi
Blade Runner,Action,Drama,Sci-Fi
F9,Action,Crime,Thriller
The Moderator,Action,Drama,Thriller
Gone Girl,Drama,Mystery,Thriller
The Last Duel,Action,Drama,History
The Voyeurs,Drama,Mystery,Thriller
The VVitch: A New-England Folktale,Drama,Fantasy,Horror
No Country for Old Men,Crime,Drama,Thriller
Deliverance,Adventure,Drama,Thriller
Jeepers Creepers Reborn,Horror,Mystery,Thriller
Mission: Impossible - Dead Reckoning - Part One,Action,Adventure,Thriller
Hit the First Case,Action,Crime,Drama
El Camino: A Breaking Bad Movie,Action,Crime,Drama
Ex Machina,Drama,Sci-Fi,Thriller
Con Air,Action,Crime,Thriller
Dunkirk,Action,Drama,History
Baby Driver,Action,Crime,Drama
Armageddon,Action,Adventure,Sci-Fi
Zero Dark Thirty,Drama,History,Thriller
Sicario,Action,Crime,Drama
Oldeuboi,Action,Drama,Mystery
Glass Onion: A Knives Out Mystery,Crime,Drama,Thriller
Operation Fortune: Ruse de guerre,Action,Comedy,Thriller
Sleepers,Crime,Drama,Thriller
Venom: Let There Be Carnage,Action,Adventure,Sci-Fi
The Conjuring,Horror,Mystery,Thriller
The Mist,Horror,Sci-Fi,Thriller
Aliens,Action,Adventure,Sci-Fi
The Usual Suspects,Crime,Drama,Mystery
Sinister,Horror,Mystery,Thriller
The Mule,Crime,Drama,Thriller
Wind River,Crime,Drama,Mystery
5 Against the House,Crime,Drama,Film-Noir
Spree,Action,Comedy,Crime
Manyeo 2: Lo go,Action,Mystery,Thriller
Malignant,Crime,Horror,Mystery
Mission: Impossible III,Action,Adventure,Thriller
Mission: Impossible - Rogue Nation,Action,Adventure,Thriller
Kingsman: The Golden Circle,Action,Adventure,Comedy
Starship Troopers,Action,Adventure,Sci-Fi
The Card Counter,Crime,Drama,Thriller
Mission: Impossible II,Action,Adventure,Thriller
Promising Young Woman,Crime,Drama,Mystery
Fast X,Action,Crime,Mystery
Idiocracy,Adventure,Comedy,Sci-Fi
Apocalypto,Action,Adventure,Drama
Scream 6,Horror,Mystery,Thriller
Stillwater,Crime,Drama,Thriller
The Nice Guys,Action,Comedy,Crime
The Tomorrow War,Action,Adventure,Drama
De uskyldige,Drama,Fantasy,Horror
A Quiet Place Part II,Drama,Horror,Sci-Fi
RoboCop,Action,Crime,Sci-Fi
Annihilation,Adventure,Drama,Horror
The Place Beyond the Pines,Crime,Drama,Thriller
Suspiria,Drama,Fantasy,Horror
Donnie Darko,Drama,Mystery,Sci-Fi
The Living Daylights,Action,Adventure,Thriller
Heojil kyolshim,Crime,Drama,Mystery
Casino Royale,Action,Adventure,Thriller
Reservoir Dogs,Crime,Drama,Thriller
The Thomas Crown Affair,Crime,Drama,Romance
Captain America: The Winter Soldier,Action,Adventure,Sci-Fi
The Guilty,Crime,Drama,Thriller
The Hateful Eight,Crime,Drama,Mystery
Wanted,Action,Crime,Thriller
Red Dawn,Action,Drama,Thriller
Ad Astra,Adventure,Drama,Mystery
The Hunger Games: The Ballad of Songbirds and Snakes,Action,Adventure,Drama
The Lighthouse,Drama,Fantasy,Horror
The Meg,Action,Horror,Sci-Fi
Primal Fear,Crime,Drama,Mystery
Clue,Comedy,Crime,Mystery
A Time to Kill,Crime,Drama,Thriller
Insidious,Horror,Mystery,Thriller
The Sixth Sense,Drama,Mystery,Thriller
Kill Bill: Vol. 1,Action,Crime,Drama
Doctor Sleep,Drama,Fantasy,Horror
Godzilla vs. Kong,Action,Sci-Fi,Thriller
Hitman's Wife's Bodyguard,Action,Comedy,Crime
The Fugitive,Action,Crime,Drama
Ah-ga-ssi,Drama,Romance,Thriller
Uncut Gems,Crime,Drama,Thriller
Jack Reacher,Action,Mystery,Thriller
Collateral,Action,Crime,Drama
Idi i smotri,Drama,Thriller,War
The Shallows,Action,Drama,Horror
The Devil All the Time,Crime,Drama,Thriller
Army of Thieves,Action,Comedy,Crime
Bad Times at the El Royale,Crime,Drama,Mystery
Khuda Haafiz Chapter II: Agni Pariksha,Action,Crime,Drama
What Ever Happened to Baby Jane?,Drama,Horror,Thriller
Infinite,Action,Sci-Fi,Thriller
Under the Skin,Drama,Horror,Mystery
Basic Instinct,Drama,Mystery,Thriller
Point Break,Action,Crime,Thriller
San Andreas,Action,Adventure,Thriller
Nightcrawler,Crime,Drama,Thriller
The Mummy,Action,Adventure,Fantasy
The Guest,Action,Mystery,Thriller
Signs,Drama,Mystery,Sci-Fi
The Imitation Game,Biography,Drama,Thriller
Goldfinger,Action,Adventure,Thriller
Psycho,Horror,Mystery,Thriller
Alien: Covenant,Horror,Sci-Fi,Thriller
The Hunt,Action,Horror,Thriller
Underwater,Action,Horror,Sci-Fi
Red Sparrow,Action,Drama,Thriller
Tomb Raider,Action,Adventure,Fantasy
Mulholland Dr.,Drama,Mystery,Thriller
The Little Things,Crime,Drama,Mystery
Jurassic Park III,Action,Adventure,Sci-Fi
Time After Time,Adventure,Drama,Sci-Fi
The Game,Drama,Mystery,Thriller
The Lincoln Lawyer,Crime,Drama,Mystery
Salinui chueok,Crime,Drama,Mystery
Firestarter,Drama,Horror,Sci-Fi
Terror on the Prairie,Drama,Thriller,Western
Speed,Action,Adventure,Thriller
Ready or Not,Action,Comedy,Horror
Terminator Genisys,Action,Adventure,Sci-Fi
Army of the Dead,Action,Crime,Horror
The Devil's Advocate,Drama,Mystery,Thriller
The Equalizer,Action,Crime,Thriller
28 Days Later...,Drama,Horror,Sci-Fi
True Romance,Crime,Drama,Romance
They Live,Action,Horror,Sci-Fi
Unfaithful,Drama,Romance,Thriller
Blue Velvet,Crime,Drama,Mystery
